{
  "Risk High":{
    "cntGFC":0.0,
    "area_sqm":0.0,
    "hectare":0.0,
    "Thai_rai":0.0,
    "area_perc":0.0
  },
  "Risk Medium":{
    "cntGFC":170.0,
    "area_sqm":14545.625,
    "hectare":1.4545625,
    "Thai_rai":9.091015625,
    "area_perc":61.2177145266
  },
  "Compliant!":{
    "cntGFC":-1.0,
    "area_sqm":9214.8585667123,
    "hectare":0.9214858567,
    "Thai_rai":5.7592866042,
    "area_perc":38.7822854734
  }
}