{
  "HigRisk":{
    "cntGFC":87,
    "area_sqm":7443.9375,
    "hectare":0.74439375,
    "Thai_rai":4.6524609375,
    "area_perc_":12.8971002932,
    "area_perc":"12.9%"
  },
  "MedRiskTH":{
    "cntGFC":0,
    "area_sqm":0.0,
    "hectare":0.0,
    "Thai_rai":0.0,
    "area_perc_":0.0,
    "area_perc":"0.0%"
  },
  "MedRisk":{
    "cntGFC":114,
    "area_sqm":9754.125,
    "hectare":0.9754125,
    "Thai_rai":6.096328125,
    "area_perc_":16.8996486601,
    "area_perc":"16.9%"
  },
  "Cmpli":{
    "cntGFC":-1,
    "area_sqm":40519.8533938646,
    "hectare":4.0519853394,
    "Thai_rai":25.3249083712,
    "area_perc_":70.2032510467,
    "area_perc":"70.2%"
  }
}