{
  "Risk High":{
    "cntGFC":0.0,
    "area_sqm":0.0,
    "hectare":0.0,
    "Thai_rai":0.0,
    "area_perc":0.0
  },
  "Risk Medium":{
    "cntGFC":69.0,
    "area_sqm":5903.8125,
    "hectare":0.59038125,
    "Thai_rai":3.6898828125,
    "area_perc":67.1414659178
  },
  "Compliant!":{
    "cntGFC":-1.0,
    "area_sqm":2889.2819302359,
    "hectare":0.288928193,
    "Thai_rai":1.8058012064,
    "area_perc":32.8585340822
  }
}