{
  "HighRisk":{
    "cntGFC":9,
    "area_sqm":770.0625,
    "hectare":0.07700625,
    "Thai_rai":0.4812890625,
    "area_perc_":3.2277697918,
    "area_perc":"3.2%"
  },
  "MediumRiskTH":{
    "cntGFC":0,
    "area_sqm":0.0,
    "hectare":0.0,
    "Thai_rai":0.0,
    "area_perc_":0.0,
    "area_perc":"0.0%"
  },
  "MediumRisk":{
    "cntGFC":21,
    "area_sqm":1796.8125,
    "hectare":0.17968125,
    "Thai_rai":1.1230078125,
    "area_perc_":7.5314628474,
    "area_perc":"7.5%"
  },
  "Compliant!":{
    "cntGFC":-1,
    "area_sqm":21290.5420304129,
    "hectare":2.129054203,
    "Thai_rai":13.306588769,
    "area_perc_":89.2407673608,
    "area_perc":"89.2%"
  }
}