{
  "Risk High":{
    "cntGFC":0.0,
    "area_sqm":0.0,
    "hectare":0.0,
    "Thai_rai":0.0,
    "area_perc_":0.0
  },
  "Risk Medium":{
    "cntGFC":37.0,
    "area_sqm":3165.8125,
    "hectare":0.31658125,
    "Thai_rai":1.9786328125,
    "area_perc_":3.4093306308
  },
  "Compliant!":{
    "cntGFC":-1.0,
    "area_sqm":89691.4912584621,
    "hectare":8.9691491258,
    "Thai_rai":56.0571820365,
    "area_perc_":96.5906693692
  }
}