{
  "Risk High":{
    "cntGFC":0.0,
    "area_sqm":0.0,
    "hectare":0.0,
    "Thai_rai":0.0,
    "area_perc":0.0
  },
  "Risk Medium":{
    "cntGFC":30.0,
    "area_sqm":2566.875,
    "hectare":0.2566875,
    "Thai_rai":1.604296875,
    "area_perc":31.2825177311
  },
  "Compliant!":{
    "cntGFC":-1.0,
    "area_sqm":5638.5866641323,
    "hectare":0.5638586664,
    "Thai_rai":3.5241166651,
    "area_perc":68.7174822689
  }
}